CID,Bin,Creation_Date,Temporal_Period,Scraped_At
63,CID_10_100,,1996-2000,2025-08-30T09:12:16.602128
62,CID_10_100,,1996-2000,2025-08-30T09:12:29.626297
87,CID_10_100,,1996-2000,2025-08-30T09:12:42.726435
67,CID_10_100,,1996-2000,2025-08-30T09:12:55.839679
53,CID_10_100,,1996-2000,2025-08-30T09:13:08.861605
17,CID_10_100,,1996-2000,2025-08-30T09:13:32.811297
35,CID_10_100,,1996-2000,2025-08-30T09:13:45.740034
57,CID_10_100,,1996-2000,2025-08-30T09:13:58.636050
74,CID_10_100,,1996-2000,2025-08-30T09:14:11.697935
11,CID_10_100,,1996-2000,2025-08-30T09:14:25.103117
92,CID_10_100,,1996-2000,2025-08-30T09:14:38.051567
78,CID_10_100,,1996-2000,2025-08-30T09:14:51.164190
52,CID_10_100,,1996-2000,2025-08-30T09:15:04.192782
19,CID_10_100,,1996-2000,2025-08-30T09:15:27.646875
76,CID_10_100,,1996-2000,2025-08-30T09:15:42.221738
13,CID_10_100,,1996-2000,2025-08-30T09:15:55.673365
80,CID_10_100,,1996-2000,2025-08-30T09:16:09.873884
73,CID_10_100,,1996-2000,2025-08-30T09:16:23.052891
31,CID_10_100,,1996-2000,2025-08-30T09:16:36.020254
12,CID_10_100,,1996-2000,2025-08-30T09:16:48.989800
83,CID_10_100,,1996-2000,2025-08-30T09:17:02.146787
90,CID_10_100,,1996-2000,2025-08-30T09:17:15.106056
60,CID_10_100,,1996-2000,2025-08-30T09:17:28.547305
94,CID_10_100,,1996-2000,2025-08-30T09:17:42.858089
54,CID_10_100,,1996-2000,2025-08-30T09:17:55.830777
56,CID_10_100,,1996-2000,2025-08-30T09:18:08.657204
51,CID_10_100,,1996-2000,2025-08-30T09:18:23.242393
23,CID_10_100,,1996-2000,2025-08-30T09:18:37.657749
85,CID_10_100,,1996-2000,2025-08-30T09:18:50.697910
36,CID_10_100,,1996-2000,2025-08-30T09:19:03.721440
66,CID_10_100,,1996-2000,2025-08-30T09:19:16.854771
47,CID_10_100,,1996-2000,2025-08-30T09:19:36.599574
26,CID_10_100,,1996-2000,2025-08-30T09:19:59.774849
72,CID_10_100,,1996-2000,2025-08-30T09:20:13.125818
41,CID_10_100,,1996-2000,2025-08-30T09:20:48.139891
58,CID_10_100,,1996-2000,2025-08-30T09:21:01.435282
55,CID_10_100,,1996-2000,2025-08-30T09:21:14.253785
59,CID_10_100,,1996-2000,2025-08-30T09:21:43.738596
97,CID_10_100,,1996-2000,2025-08-30T09:21:56.671845
30,CID_10_100,,1996-2000,2025-08-30T09:22:09.683162
70,CID_10_100,,1996-2000,2025-08-30T09:22:22.912139
93,CID_10_100,,1996-2000,2025-08-30T09:22:36.963651
86,CID_10_100,,1996-2000,2025-08-30T09:22:50.107356
69,CID_10_100,,1996-2000,2025-08-30T09:23:03.050087
88,CID_10_100,,1996-2000,2025-08-30T09:23:16.081777
21,CID_10_100,,1996-2000,2025-08-30T09:23:29.222005
79,CID_10_100,,1996-2000,2025-08-30T09:23:42.559128
15,CID_10_100,,1996-2000,2025-08-30T09:23:55.598511
44,CID_10_100,,1996-2000,2025-08-30T09:24:08.561672
22,CID_10_100,,1996-2000,2025-08-30T09:24:21.746886
65,CID_10_100,,1996-2000,2025-08-30T09:24:34.714915
91,CID_10_100,,1996-2000,2025-08-30T09:24:47.870877
89,CID_10_100,,1996-2000,2025-08-30T09:25:00.930425
34,CID_10_100,,1996-2000,2025-08-30T09:25:14.611727
95,CID_10_100,,1996-2000,2025-08-30T09:25:27.516645
82,CID_10_100,,1996-2000,2025-08-30T09:25:40.673688
81,CID_10_100,,1996-2000,2025-08-30T09:25:53.640954
24,CID_10_100,,1996-2000,2025-08-30T09:26:06.612817
45,CID_10_100,,1996-2000,2025-08-30T09:26:19.717717
71,CID_10_100,,1996-2000,2025-08-30T09:26:33.250251
28,CID_10_100,,1996-2000,2025-08-30T09:26:49.658834
14,CID_10_100,,1996-2000,2025-08-30T09:27:02.754935
33,CID_10_100,,1996-2000,2025-08-30T09:27:15.903216
40,CID_10_100,,1996-2000,2025-08-30T09:27:28.922343
84,CID_10_100,,1996-2000,2025-08-30T09:27:42.073897
99,CID_10_100,,1996-2000,2025-08-30T09:27:55.018411
46,CID_10_100,,1996-2000,2025-08-30T09:28:08.005809
38,CID_10_100,,1996-2000,2025-08-30T09:28:21.109775
75,CID_10_100,,1996-2000,2025-08-30T09:28:34.134749
42,CID_10_100,,1996-2000,2025-08-30T09:28:47.027949
64,CID_10_100,,1996-2000,2025-08-30T09:29:00.023282
96,CID_10_100,,1996-2000,2025-08-30T09:29:13.078998
50,CID_10_100,,1996-2000,2025-08-30T09:29:26.111714
49,CID_10_100,,1996-2000,2025-08-30T09:29:40.422372
77,CID_10_100,,1996-2000,2025-08-30T09:29:54.635193
29,CID_10_100,,1996-2000,2025-08-30T09:30:07.737986
68,CID_10_100,,1996-2000,2025-08-30T09:30:20.790672
18,CID_10_100,,1996-2000,2025-08-30T09:30:33.694887
39,CID_10_100,,1996-2000,2025-08-30T09:30:46.768587
48,CID_10_100,,1996-2000,2025-08-30T09:31:00.000167
61,CID_10_100,,1996-2000,2025-08-30T09:31:23.278854
37,CID_10_100,,1996-2000,2025-08-30T09:31:36.194723
43,CID_10_100,,1996-2000,2025-08-30T09:31:49.390524
20,CID_10_100,,1996-2000,2025-08-30T09:32:04.213030
98,CID_10_100,,1996-2000,2025-08-30T09:32:17.687890
32,CID_10_100,,1996-2000,2025-08-30T09:32:30.625086
16,CID_10_100,,1996-2000,2025-08-30T09:32:43.822085
584,CID_100_1000,,1996-2000,2025-08-30T09:32:57.359997
767,CID_100_1000,,1996-2000,2025-08-30T09:33:10.347465
101,CID_100_1000,,1996-2000,2025-08-30T09:33:23.375024
662,CID_100_1000,,1996-2000,2025-08-30T09:33:36.691435
564,CID_100_1000,,1996-2000,2025-08-30T09:33:49.892229
991,CID_100_1000,,1996-2000,2025-08-30T09:34:03.292099
150,CID_100_1000,,1996-2000,2025-08-30T09:34:16.177665
619,CID_100_1000,,1996-2000,2025-08-30T09:34:29.348450
341,CID_100_1000,,1996-2000,2025-08-30T09:34:42.523688
710,CID_100_1000,,1996-2000,2025-08-30T09:34:55.764006
605,CID_100_1000,,1996-2000,2025-08-30T09:35:08.731153
870,CID_100_1000,,1996-2000,2025-08-30T09:35:22.034120
524,CID_100_1000,,1996-2000,2025-08-30T09:35:35.090663
941,CID_100_1000,,1996-2000,2025-08-30T09:35:47.973816
186,CID_100_1000,,1996-2000,2025-08-30T09:36:01.415207
265,CID_100_1000,,1996-2000,2025-08-30T09:36:14.518399
860,CID_100_1000,,1996-2000,2025-08-30T09:36:27.530025
177,CID_100_1000,,1996-2000,2025-08-30T09:36:40.768730
998,CID_100_1000,,1996-2000,2025-08-30T09:36:53.906008
392,CID_100_1000,,1996-2000,2025-08-30T09:37:07.075372
330,CID_100_1000,,1996-2000,2025-08-30T09:37:19.996910
164,CID_100_1000,,1996-2000,2025-08-30T09:37:33.178931
992,CID_100_1000,,1996-2000,2025-08-30T09:37:46.699386
681,CID_100_1000,,1996-2000,2025-08-30T09:37:59.968470
129,CID_100_1000,,1996-2000,2025-08-30T09:38:16.346791
440,CID_100_1000,,1996-2000,2025-08-30T09:38:29.368014
763,CID_100_1000,,1996-2000,2025-08-30T09:38:42.520074
241,CID_100_1000,,1996-2000,2025-08-30T09:38:56.298873
389,CID_100_1000,,1996-2000,2025-08-30T09:39:09.281498
479,CID_100_1000,,1996-2000,2025-08-30T09:39:22.315573
783,CID_100_1000,,1996-2000,2025-08-30T09:39:35.877854
974,CID_100_1000,,1996-2000,2025-08-30T09:39:48.921659
652,CID_100_1000,,1996-2000,2025-08-30T09:40:17.954200
431,CID_100_1000,,1996-2000,2025-08-30T09:40:30.975413
420,CID_100_1000,,1996-2000,2025-08-30T09:40:44.060733
656,CID_100_1000,,1996-2000,2025-08-30T09:40:57.177913
424,CID_100_1000,,1996-2000,2025-08-30T09:41:10.523755
968,CID_100_1000,,1996-2000,2025-08-30T09:41:23.360952
297,CID_100_1000,,1996-2000,2025-08-30T09:41:36.969211
541,CID_100_1000,,1996-2000,2025-08-30T09:41:50.972024
522,CID_100_1000,,1996-2000,2025-08-30T09:42:11.589230
657,CID_100_1000,,1996-2000,2025-08-30T09:42:24.558533
547,CID_100_1000,,1996-2000,2025-08-30T09:42:37.792184
777,CID_100_1000,,1996-2000,2025-08-30T09:42:51.100144
160,CID_100_1000,,1996-2000,2025-08-30T09:43:04.153362
834,CID_100_1000,,1996-2000,2025-08-30T09:43:17.242859
142,CID_100_1000,,1996-2000,2025-08-30T09:43:30.229160
110,CID_100_1000,,1996-2000,2025-08-30T09:44:06.515491
626,CID_100_1000,,1996-2000,2025-08-30T09:44:19.445780
915,CID_100_1000,,1996-2000,2025-08-30T09:44:32.341298
826,CID_100_1000,,1996-2000,2025-08-30T09:44:55.577695
948,CID_100_1000,,1996-2000,2025-08-30T09:45:08.862328
286,CID_100_1000,,1996-2000,2025-08-30T09:45:21.898238
573,CID_100_1000,,1996-2000,2025-08-30T09:45:34.922778
620,CID_100_1000,,1996-2000,2025-08-30T09:46:03.366899
434,CID_100_1000,,1996-2000,2025-08-30T09:46:16.388551
700,CID_100_1000,,1996-2000,2025-08-30T09:46:29.670097
696,CID_100_1000,,1996-2000,2025-08-30T09:46:42.624301
528,CID_100_1000,,1996-2000,2025-08-30T09:46:55.839070
343,CID_100_1000,,1996-2000,2025-08-30T09:47:13.683837
112,CID_100_1000,,1996-2000,2025-08-30T09:47:26.595706
739,CID_100_1000,,1996-2000,2025-08-30T09:47:41.248901
705,CID_100_1000,,1996-2000,2025-08-30T09:47:54.137888
978,CID_100_1000,,1996-2000,2025-08-30T09:48:07.684315
462,CID_100_1000,,1996-2000,2025-08-30T09:48:21.265585
264,CID_100_1000,,1996-2000,2025-08-30T09:48:34.545472
195,CID_100_1000,,1996-2000,2025-08-30T09:48:47.571563
232,CID_100_1000,,1996-2000,2025-08-30T09:49:11.722771
799,CID_100_1000,,1996-2000,2025-08-30T09:49:24.708493
877,CID_100_1000,,1996-2000,2025-08-30T09:49:37.603774
429,CID_100_1000,,1996-2000,2025-08-30T09:49:51.490233
281,CID_100_1000,,1996-2000,2025-08-30T09:50:08.524222
867,CID_100_1000,,1996-2000,2025-08-30T09:50:27.254463
596,CID_100_1000,,1996-2000,2025-08-30T09:50:40.305382
423,CID_100_1000,,1996-2000,2025-08-30T09:50:53.568660
816,CID_100_1000,,1996-2000,2025-08-30T09:51:06.475130
593,CID_100_1000,,1996-2000,2025-08-30T09:51:19.449178
938,CID_100_1000,,1996-2000,2025-08-30T09:51:33.400915
654,CID_100_1000,,1996-2000,2025-08-30T09:51:46.410995
954,CID_100_1000,,1996-2000,2025-08-30T09:51:59.354047
808,CID_100_1000,,1996-2000,2025-08-30T09:52:39.530370
338,CID_100_1000,,1996-2000,2025-08-30T09:52:52.967361
864,CID_100_1000,,1996-2000,2025-08-30T09:53:06.096572
658,CID_100_1000,,1996-2000,2025-08-30T09:53:19.998184
422,CID_100_1000,,1996-2000,2025-08-30T09:53:33.346814
747,CID_100_1000,,1996-2000,2025-08-30T09:53:46.324897
906,CID_100_1000,,1996-2000,2025-08-30T09:53:59.409132
955,CID_100_1000,,1996-2000,2025-08-30T09:54:12.627933
936,CID_100_1000,,1996-2000,2025-08-30T09:54:25.905536
856,CID_100_1000,,1996-2000,2025-08-30T09:54:38.893853
454,CID_100_1000,,1996-2000,2025-08-30T09:54:52.475811
674,CID_100_1000,,1996-2000,2025-08-30T09:55:05.898353
190,CID_100_1000,,1996-2000,2025-08-30T09:55:31.384090
213,CID_100_1000,,1996-2000,2025-08-30T09:55:44.428226
419,CID_100_1000,,1996-2000,2025-08-30T09:55:57.362394
546,CID_100_1000,,1996-2000,2025-08-30T09:56:10.573144
366,CID_100_1000,,1996-2000,2025-08-30T09:56:23.719097
895,CID_100_1000,,1996-2000,2025-08-30T09:56:36.790253
220,CID_100_1000,,1996-2000,2025-08-30T09:56:50.007605
823,CID_100_1000,,1996-2000,2025-08-30T09:57:03.077687
7341,CID_1000_10000,,2000-2004,2025-08-30T09:57:27.098559
6833,CID_1000_10000,,2000-2004,2025-08-30T09:57:40.221412
5103,CID_1000_10000,2025-08-26,2000-2004,2025-08-30T09:57:46.766947
9538,CID_1000_10000,2025-08-26,2000-2004,2025-08-30T09:57:53.585117
2401,CID_1000_10000,2025-08-26,2000-2004,2025-08-30T09:57:57.251641
6881,CID_1000_10000,,2000-2004,2025-08-30T09:58:10.087518
8850,CID_1000_10000,,2000-2004,2025-08-30T09:58:34.686205
6047,CID_1000_10000,,2000-2004,2025-08-30T09:58:47.938352
4439,CID_1000_10000,2025-08-26,2000-2004,2025-08-30T09:58:51.148269
3494,CID_1000_10000,2025-08-26,2000-2004,2025-08-30T09:58:57.034015
2021,CID_1000_10000,2025-08-26,2000-2004,2025-08-30T09:59:00.920043
6275,CID_1000_10000,,2000-2004,2025-08-30T09:59:13.847879
3444,CID_1000_10000,2025-08-26,2000-2004,2025-08-30T09:59:19.766000
4245,CID_1000_10000,2025-08-26,2000-2004,2025-08-30T09:59:21.881188
2511,CID_1000_10000,2025-08-26,2000-2004,2025-08-30T09:59:24.341749
7464,CID_1000_10000,,2000-2004,2025-08-30T09:59:37.331080
1980,CID_1000_10000,2025-08-26,2000-2004,2025-08-30T09:59:39.949000
3754,CID_1000_10000,,2000-2004,2025-08-30T09:59:42.656074
9265,CID_1000_10000,2025-08-26,2000-2004,2025-08-30T09:59:51.335354
9305,CID_1000_10000,2025-08-26,2000-2004,2025-08-30T09:59:59.912261
6938,CID_1000_10000,,2000-2004,2025-08-30T10:00:13.110058
7533,CID_1000_10000,,2000-2004,2025-08-30T10:00:26.318276
9532,CID_1000_10000,2025-08-26,2000-2004,2025-08-30T10:00:30.207845
7983,CID_1000_10000,,2000-2004,2025-08-30T10:00:43.170760
1706,CID_1000_10000,2025-08-26,2000-2004,2025-08-30T10:00:44.867701
4034,CID_1000_10000,2025-08-26,2000-2004,2025-08-30T10:00:52.091972
4179,CID_1000_10000,2025-08-26,2000-2004,2025-08-30T10:00:53.947650
2039,CID_1000_10000,2025-08-26,2000-2004,2025-08-30T10:00:56.541296
2486,CID_1000_10000,2025-08-26,2000-2004,2025-08-30T10:00:58.930197
7357,CID_1000_10000,,2000-2004,2025-08-30T10:01:27.508634
1516,CID_1000_10000,2025-08-26,2000-2004,2025-08-30T10:01:29.340202
3809,CID_1000_10000,2025-08-26,2000-2004,2025-08-30T10:01:32.152735
6231,CID_1000_10000,,2000-2004,2025-08-30T10:01:45.092481
3643,CID_1000_10000,2025-08-26,2000-2004,2025-08-30T10:01:46.795280
1845,CID_1000_10000,2025-08-26,2000-2004,2025-08-30T10:01:49.099539
2634,CID_1000_10000,,2000-2004,2025-08-30T10:01:51.769558
4485,CID_1000_10000,2025-08-26,2000-2004,2025-08-30T10:01:59.849283
9439,CID_1000_10000,2025-08-26,2000-2004,2025-08-30T10:02:02.092937
3172,CID_1000_10000,2025-08-26,2000-2004,2025-08-30T10:02:05.993709
4293,CID_1000_10000,2025-08-26,2000-2004,2025-08-30T10:02:08.742490
3900,CID_1000_10000,2025-08-26,2000-2004,2025-08-30T10:02:10.150100
5228,CID_1000_10000,2025-08-26,2000-2004,2025-08-30T10:02:13.235436
1485,CID_1000_10000,2025-08-26,2000-2004,2025-08-30T10:02:17.139567
5556,CID_1000_10000,2025-08-26,2000-2004,2025-08-30T10:02:22.089403
2376,CID_1000_10000,2025-08-26,2000-2004,2025-08-30T10:02:25.413559
7887,CID_1000_10000,,2000-2004,2025-08-30T10:02:38.065848
6151,CID_1000_10000,,2000-2004,2025-08-30T10:02:51.318948
4904,CID_1000_10000,2025-08-26,2000-2004,2025-08-30T10:02:57.477411
7411,CID_1000_10000,,2000-2004,2025-08-30T10:03:10.685195
2017,CID_1000_10000,2025-08-26,2000-2004,2025-08-30T10:03:16.554783
8704,CID_1000_10000,,2000-2004,2025-08-30T10:03:29.657203
2623,CID_1000_10000,2025-08-26,2000-2004,2025-08-30T10:03:31.517610
6680,CID_1000_10000,,2000-2004,2025-08-30T10:03:44.376404
1884,CID_1000_10000,2025-08-26,2000-2004,2025-08-30T10:03:47.298867
6418,CID_1000_10000,,2000-2004,2025-08-30T10:04:00.309840
6424,CID_1000_10000,,2000-2004,2025-08-30T10:04:13.398602
4294,CID_1000_10000,2025-08-26,2000-2004,2025-08-30T10:04:15.698314
8005,CID_1000_10000,,2000-2004,2025-08-30T10:04:28.889372
6428,CID_1000_10000,,2000-2004,2025-08-30T10:04:42.258213
8043,CID_1000_10000,,2000-2004,2025-08-30T10:04:55.345941
9556,CID_1000_10000,2025-08-26,2000-2004,2025-08-30T10:04:57.879259
5598,CID_1000_10000,2025-08-26,2000-2004,2025-08-30T10:05:00.106094
1138,CID_1000_10000,,2000-2004,2025-08-30T10:05:12.842648
5354,CID_1000_10000,2025-08-26,2000-2004,2025-08-30T10:05:17.224291
1489,CID_1000_10000,2025-08-26,2000-2004,2025-08-30T10:05:22.183899
4901,CID_1000_10000,2025-08-26,2000-2004,2025-08-30T10:05:24.940026
3684,CID_1000_10000,2025-08-26,2000-2004,2025-08-30T10:05:26.317995
8228,CID_1000_10000,,2000-2004,2025-08-30T10:05:39.156044
7334,CID_1000_10000,,2000-2004,2025-08-30T10:05:52.196107
2931,CID_1000_10000,2025-08-26,2000-2004,2025-08-30T10:05:56.176172
2547,CID_1000_10000,2025-08-26,2000-2004,2025-08-30T10:05:58.503509
2125,CID_1000_10000,2025-08-26,2000-2004,2025-08-30T10:06:01.458292
1940,CID_1000_10000,2025-08-26,2000-2004,2025-08-30T10:06:06.146608
8754,CID_1000_10000,,2000-2004,2025-08-30T10:06:19.270790
4345,CID_1000_10000,2025-08-26,2000-2004,2025-08-30T10:06:23.394399
4058,CID_1000_10000,2025-08-26,2000-2004,2025-08-30T10:06:30.292141
4888,CID_1000_10000,2025-08-26,2000-2004,2025-08-30T10:06:35.031881
3062,CID_1000_10000,2025-08-26,2000-2004,2025-08-30T10:06:40.678719
1194,CID_1000_10000,2025-08-26,2000-2004,2025-08-30T10:06:43.669311
2969,CID_1000_10000,2025-08-26,2000-2004,2025-08-30T10:06:49.969885
9122,CID_1000_10000,2025-08-26,2000-2004,2025-08-30T10:06:53.191019
4029,CID_1000_10000,2025-08-26,2000-2004,2025-08-30T10:06:54.908378
7004,CID_1000_10000,,2000-2004,2025-08-30T10:07:07.656967
8584,CID_1000_10000,,2000-2004,2025-08-30T10:07:20.953353
8670,CID_1000_10000,,2000-2004,2025-08-30T10:07:33.926137
8226,CID_1000_10000,,2000-2004,2025-08-30T10:07:47.036392
9363,CID_1000_10000,2025-08-26,2000-2004,2025-08-30T10:07:51.231677
1811,CID_1000_10000,2025-08-26,2000-2004,2025-08-30T10:07:52.613629
3166,CID_1000_10000,2025-08-26,2000-2004,2025-08-30T10:07:55.348741
9069,CID_1000_10000,2025-08-26,2000-2004,2025-08-30T10:07:56.805537
1288,CID_1000_10000,2025-08-26,2000-2004,2025-08-30T10:07:58.944407
4076,CID_1000_10000,2025-08-26,2000-2004,2025-08-30T10:08:02.389639
8163,CID_1000_10000,,2000-2004,2025-08-30T10:08:15.615094
1691,CID_1000_10000,2025-08-26,2000-2004,2025-08-30T10:08:20.835358
5593,CID_1000_10000,2025-08-26,2000-2004,2025-08-30T10:08:28.722871
1799,CID_1000_10000,,2000-2004,2025-08-30T10:08:32.018503
1546,CID_1000_10000,2025-08-26,2000-2004,2025-08-30T10:08:34.182725
7579,CID_1000_10000,,2000-2004,2025-08-30T10:08:47.281326
1789,CID_1000_10000,,2000-2004,2025-08-30T10:08:50.221853
6510,CID_1000_10000,,2000-2004,2025-08-30T10:09:07.897895
46877,CID_10000_100000,2025-08-26,2004-2008,2025-08-30T10:09:13.235710
15357,CID_10000_100000,2025-08-26,2004-2008,2025-08-30T10:09:17.220850
35422,CID_10000_100000,2025-08-26,2004-2008,2025-08-30T10:09:22.068310
97428,CID_10000_100000,2025-08-26,2004-2008,2025-08-30T10:09:31.794096
11584,CID_10000_100000,2025-08-26,2004-2008,2025-08-30T10:09:41.624864
53445,CID_10000_100000,,2004-2008,2025-08-30T10:09:45.892516
70490,CID_10000_100000,2025-08-26,2004-2008,2025-08-30T10:09:50.216973
41838,CID_10000_100000,2025-08-26,2004-2008,2025-08-30T10:10:03.631834
16852,CID_10000_100000,2025-08-26,2004-2008,2025-08-30T10:10:08.921958
14175,CID_10000_100000,2025-08-26,2004-2008,2025-08-30T10:10:11.530977
22490,CID_10000_100000,2025-08-26,2004-2008,2025-08-30T10:10:14.870159
25288,CID_10000_100000,2025-08-26,2004-2008,2025-08-30T10:10:17.103175
86619,CID_10000_100000,2025-08-26,2004-2008,2025-08-30T10:10:22.260384
64618,CID_10000_100000,2025-08-26,2004-2008,2025-08-30T10:10:25.597282
45724,CID_10000_100000,2025-08-26,2004-2008,2025-08-30T10:10:27.312236
33067,CID_10000_100000,,2004-2008,2025-08-30T10:10:30.535402
99364,CID_10000_100000,2025-08-26,2004-2008,2025-08-30T10:10:33.043703
10812,CID_10000_100000,2025-08-26,2004-2008,2025-08-30T10:10:39.606526
50532,CID_10000_100000,2025-08-26,2004-2008,2025-08-30T10:10:41.925620
32806,CID_10000_100000,2025-08-26,2004-2008,2025-08-30T10:10:45.268407
54308,CID_10000_100000,2025-08-26,2004-2008,2025-08-30T10:10:47.763876
55332,CID_10000_100000,2025-08-26,2004-2008,2025-08-30T10:10:50.437443
71189,CID_10000_100000,2025-08-26,2004-2008,2025-08-30T10:10:52.282873
37366,CID_10000_100000,2025-08-26,2004-2008,2025-08-30T10:10:54.838021
22437,CID_10000_100000,2025-08-26,2004-2008,2025-08-30T10:10:57.624493
16189,CID_10000_100000,,2004-2008,2025-08-30T10:11:00.478236
59706,CID_10000_100000,2025-08-26,2004-2008,2025-08-30T10:11:02.313688
43100,CID_10000_100000,2025-08-26,2004-2008,2025-08-30T10:11:04.185345
75244,CID_10000_100000,2025-08-26,2004-2008,2025-08-30T10:11:07.888907
58075,CID_10000_100000,2025-08-26,2004-2008,2025-08-30T10:11:09.394648
59020,CID_10000_100000,2025-08-26,2004-2008,2025-08-30T10:11:11.232245
20441,CID_10000_100000,2025-08-26,2004-2008,2025-08-30T10:11:15.649199
74533,CID_10000_100000,2025-08-26,2004-2008,2025-08-30T10:11:18.397651
17156,CID_10000_100000,2025-08-26,2004-2008,2025-08-30T10:11:20.911697
75462,CID_10000_100000,2025-08-26,2004-2008,2025-08-30T10:11:24.280384
35973,CID_10000_100000,2025-08-26,2004-2008,2025-08-30T10:11:26.018106
88937,CID_10000_100000,2025-08-26,2004-2008,2025-08-30T10:11:29.071117
38419,CID_10000_100000,2025-08-26,2004-2008,2025-08-30T10:11:30.888673
20169,CID_10000_100000,2025-08-26,2004-2008,2025-08-30T10:11:34.406268
25687,CID_10000_100000,2025-08-26,2004-2008,2025-08-30T10:11:36.673286
10849,CID_10000_100000,2025-08-26,2004-2008,2025-08-30T10:11:39.468695
43300,CID_10000_100000,,2004-2008,2025-08-30T10:11:42.174628
63720,CID_10000_100000,2025-08-26,2004-2008,2025-08-30T10:11:44.131219
26413,CID_10000_100000,2025-08-26,2004-2008,2025-08-30T10:11:46.329772
53563,CID_10000_100000,2025-08-26,2004-2008,2025-08-30T10:11:48.282734
60624,CID_10000_100000,2025-08-26,2004-2008,2025-08-30T10:11:49.769755
79179,CID_10000_100000,2025-08-26,2004-2008,2025-08-30T10:11:52.134105
95765,CID_10000_100000,2025-08-26,2004-2008,2025-08-30T10:11:54.216042
27861,CID_10000_100000,2025-08-26,2004-2008,2025-08-30T10:11:56.970491
21282,CID_10000_100000,2025-08-26,2004-2008,2025-08-30T10:11:58.715762
98473,CID_10000_100000,2025-08-26,2004-2008,2025-08-30T10:12:00.976644
48067,CID_10000_100000,2025-08-26,2004-2008,2025-08-30T10:12:02.756623
55066,CID_10000_100000,2025-08-26,2004-2008,2025-08-30T10:12:04.680260
91252,CID_10000_100000,2025-08-26,2004-2008,2025-08-30T10:12:06.845435
33370,CID_10000_100000,,2004-2008,2025-08-30T10:12:09.650806
51556,CID_10000_100000,2025-08-26,2004-2008,2025-08-30T10:12:16.554243
98643,CID_10000_100000,2025-08-26,2004-2008,2025-08-30T10:12:19.736246
28778,CID_10000_100000,2025-08-26,2004-2008,2025-08-30T10:12:21.827951
88646,CID_10000_100000,2025-08-26,2004-2008,2025-08-30T10:12:24.554794
67272,CID_10000_100000,2025-08-26,2004-2008,2025-08-30T10:12:28.511604
73534,CID_10000_100000,2025-08-26,2004-2008,2025-08-30T10:12:31.043131
89213,CID_10000_100000,2025-08-26,2004-2008,2025-08-30T10:12:33.339171
71755,CID_10000_100000,2025-08-26,2004-2008,2025-08-30T10:12:37.616315
56222,CID_10000_100000,2025-08-26,2004-2008,2025-08-30T10:12:39.873070
63275,CID_10000_100000,2025-08-26,2004-2008,2025-08-30T10:12:41.841609
22432,CID_10000_100000,2025-08-26,2004-2008,2025-08-30T10:12:43.540841
59695,CID_10000_100000,2025-08-26,2004-2008,2025-08-30T10:12:45.065474
67305,CID_10000_100000,2025-08-26,2004-2008,2025-08-30T10:12:49.022328
45048,CID_10000_100000,2025-08-26,2004-2008,2025-08-30T10:12:50.996396
38110,CID_10000_100000,2025-08-26,2004-2008,2025-08-30T10:12:52.658372
90191,CID_10000_100000,2025-08-26,2004-2008,2025-08-30T10:12:55.241734
49558,CID_10000_100000,2025-08-26,2004-2008,2025-08-30T10:12:56.820467
82479,CID_10000_100000,2025-08-26,2004-2008,2025-08-30T10:12:59.599479
48108,CID_10000_100000,2025-08-26,2004-2008,2025-08-30T10:13:01.221669
55524,CID_10000_100000,2025-08-26,2004-2008,2025-08-30T10:13:03.208651
61542,CID_10000_100000,2025-08-26,2004-2008,2025-08-30T10:13:06.642718
76352,CID_10000_100000,2025-08-26,2004-2008,2025-08-30T10:13:10.069627
27778,CID_10000_100000,2025-08-26,2004-2008,2025-08-30T10:13:12.414688
72388,CID_10000_100000,2025-08-26,2004-2008,2025-08-30T10:13:15.105147
56339,CID_10000_100000,2025-08-26,2004-2008,2025-08-30T10:13:18.555991
36892,CID_10000_100000,2025-08-26,2004-2008,2025-08-30T10:13:20.130430
25981,CID_10000_100000,2025-08-26,2004-2008,2025-08-30T10:13:22.894825
94176,CID_10000_100000,2025-08-26,2004-2008,2025-08-30T10:13:28.381451
81437,CID_10000_100000,2025-08-26,2004-2008,2025-08-30T10:13:32.027335
16380,CID_10000_100000,2025-08-26,2004-2008,2025-08-30T10:13:35.383686
35747,CID_10000_100000,2025-08-26,2004-2008,2025-08-30T10:13:37.366784
19695,CID_10000_100000,2025-08-26,2004-2008,2025-08-30T10:13:40.208173
46826,CID_10000_100000,2025-08-26,2004-2008,2025-08-30T10:13:42.979607
37216,CID_10000_100000,2025-08-26,2004-2008,2025-08-30T10:13:44.601158
63850,CID_10000_100000,2025-08-26,2004-2008,2025-08-30T10:13:46.082262
80881,CID_10000_100000,2025-08-26,2004-2008,2025-08-30T10:13:48.255431
64494,CID_10000_100000,2025-08-26,2004-2008,2025-08-30T10:13:50.107321
85073,CID_10000_100000,2025-08-26,2004-2008,2025-08-30T10:13:52.963067
40181,CID_10000_100000,2025-08-26,2004-2008,2025-08-30T10:13:54.896662
69525,CID_10000_100000,2025-08-26,2004-2008,2025-08-30T10:13:58.903918
66510,CID_10000_100000,2025-08-26,2004-2008,2025-08-30T10:14:02.540648
23325,CID_10000_100000,2025-08-26,2004-2008,2025-08-30T10:14:04.298736
70328,CID_10000_100000,2025-08-26,2004-2008,2025-08-30T10:14:07.069059
66847,CID_10000_100000,2025-08-26,2004-2008,2025-08-30T10:14:09.867753
56383,CID_10000_100000,2025-08-26,2004-2008,2025-08-30T10:14:11.660757
153801,CID_100000_500000,2025-08-26,2008-2010,2025-08-30T10:14:15.195218
149108,CID_100000_500000,2025-08-26,2008-2010,2025-08-30T10:14:19.628418
377940,CID_100000_500000,2025-08-26,2008-2010,2025-08-30T10:14:24.320082
136673,CID_100000_500000,2025-08-26,2008-2010,2025-08-30T10:14:28.226326
142930,CID_100000_500000,2025-08-26,2008-2010,2025-08-30T10:14:30.855865
246850,CID_100000_500000,2025-08-26,2008-2010,2025-08-30T10:14:33.938575
213605,CID_100000_500000,2025-08-26,2008-2010,2025-08-30T10:14:36.848541
466002,CID_100000_500000,2025-08-26,2008-2010,2025-08-30T10:14:39.769909
449892,CID_100000_500000,2025-08-26,2008-2010,2025-08-30T10:14:41.736817
231459,CID_100000_500000,2025-08-26,2008-2010,2025-08-30T10:14:44.949808
410328,CID_100000_500000,2025-08-26,2008-2010,2025-08-30T10:14:47.338675
385425,CID_100000_500000,2025-08-26,2008-2010,2025-08-30T10:14:49.791322
494864,CID_100000_500000,2025-08-26,2008-2010,2025-08-30T10:14:52.203070
239898,CID_100000_500000,2025-08-26,2008-2010,2025-08-30T10:14:54.136934
377249,CID_100000_500000,,2008-2010,2025-08-30T10:14:57.057530
425596,CID_100000_500000,,2008-2010,2025-08-30T10:14:59.934898
105359,CID_100000_500000,2025-08-26,2008-2010,2025-08-30T10:15:04.464718
209033,CID_100000_500000,2025-08-26,2008-2010,2025-08-30T10:15:06.765578
385372,CID_100000_500000,2025-08-26,2008-2010,2025-08-30T10:15:08.861555
335445,CID_100000_500000,2025-08-26,2008-2010,2025-08-30T10:15:11.052184
239217,CID_100000_500000,2025-08-26,2008-2010,2025-08-30T10:15:13.066959
228658,CID_100000_500000,2025-08-26,2008-2010,2025-08-30T10:15:15.207772
254195,CID_100000_500000,2025-08-26,2008-2010,2025-08-30T10:15:17.221608
337498,CID_100000_500000,2025-08-26,2008-2010,2025-08-30T10:15:18.746446
461206,CID_100000_500000,2025-08-26,2008-2010,2025-08-30T10:15:20.694043
216332,CID_100000_500000,2025-08-26,2008-2010,2025-08-30T10:15:23.066684
298038,CID_100000_500000,2025-08-26,2008-2010,2025-08-30T10:15:25.047751
216813,CID_100000_500000,2025-08-26,2008-2010,2025-08-30T10:15:26.719501
258091,CID_100000_500000,2025-08-26,2008-2010,2025-08-30T10:15:29.276331
380110,CID_100000_500000,,2008-2010,2025-08-30T10:15:32.310064
277619,CID_100000_500000,2025-08-26,2008-2010,2025-08-30T10:15:34.011836
284345,CID_100000_500000,,2008-2010,2025-08-30T10:15:36.805221
469521,CID_100000_500000,2025-08-26,2008-2010,2025-08-30T10:15:38.314817
208005,CID_100000_500000,2025-08-26,2008-2010,2025-08-30T10:15:40.050594
454097,CID_100000_500000,2025-08-26,2008-2010,2025-08-30T10:15:42.083710
356051,CID_100000_500000,2025-08-26,2008-2010,2025-08-30T10:15:44.136896
396575,CID_100000_500000,2025-08-26,2008-2010,2025-08-30T10:15:46.236665
165582,CID_100000_500000,2025-08-26,2008-2010,2025-08-30T10:15:49.879507
350758,CID_100000_500000,,2008-2010,2025-08-30T10:15:52.811364
195891,CID_100000_500000,2025-08-26,2008-2010,2025-08-30T10:15:55.694259
423270,CID_100000_500000,,2008-2010,2025-08-30T10:15:58.579957
242687,CID_100000_500000,2025-08-26,2008-2010,2025-08-30T10:16:00.402915
466017,CID_100000_500000,2025-08-26,2008-2010,2025-08-30T10:16:02.623359
179146,CID_100000_500000,2025-08-26,2008-2010,2025-08-30T10:16:05.246223
313613,CID_100000_500000,2025-08-26,2008-2010,2025-08-30T10:16:07.826266
327814,CID_100000_500000,2025-08-26,2008-2010,2025-08-30T10:16:09.403028
497177,CID_100000_500000,2025-08-26,2008-2010,2025-08-30T10:16:11.793444
275907,CID_100000_500000,2025-08-26,2008-2010,2025-08-30T10:16:14.093040
192480,CID_100000_500000,2025-08-26,2008-2010,2025-08-30T10:16:15.878743
321270,CID_100000_500000,2025-08-26,2008-2010,2025-08-30T10:16:17.434418
281913,CID_100000_500000,2025-08-26,2008-2010,2025-08-30T10:16:18.908693
218256,CID_100000_500000,2025-08-26,2008-2010,2025-08-30T10:16:20.781026
492034,CID_100000_500000,2025-08-26,2008-2010,2025-08-30T10:16:22.762954
491174,CID_100000_500000,2025-08-26,2008-2010,2025-08-30T10:16:24.443042
462179,CID_100000_500000,2025-08-26,2008-2010,2025-08-30T10:16:26.219526
352562,CID_100000_500000,2025-08-26,2008-2010,2025-08-30T10:16:28.514261
493873,CID_100000_500000,2025-08-26,2008-2010,2025-08-30T10:16:30.384713
296046,CID_100000_500000,2025-08-26,2008-2010,2025-08-30T10:16:32.311813
174983,CID_100000_500000,2025-08-26,2008-2010,2025-08-30T10:16:35.400013
250227,CID_100000_500000,2025-08-26,2008-2010,2025-08-30T10:16:37.666505
217076,CID_100000_500000,2025-08-26,2008-2010,2025-08-30T10:16:39.474774
184616,CID_100000_500000,2025-08-26,2008-2010,2025-08-30T10:16:41.535230
127342,CID_100000_500000,2025-08-26,2008-2010,2025-08-30T10:16:45.001208
451528,CID_100000_500000,2025-08-26,2008-2010,2025-08-30T10:16:46.903195
188523,CID_100000_500000,2025-08-26,2008-2010,2025-08-30T10:16:49.106365
273224,CID_100000_500000,2025-08-26,2008-2010,2025-08-30T10:16:50.826257
400797,CID_100000_500000,2025-08-26,2008-2010,2025-08-30T10:16:53.092571
199492,CID_100000_500000,2025-08-26,2008-2010,2025-08-30T10:16:54.702297
450407,CID_100000_500000,2025-08-26,2008-2010,2025-08-30T10:16:56.228214
446619,CID_100000_500000,2025-08-26,2008-2010,2025-08-30T10:16:58.193054
315659,CID_100000_500000,2025-08-26,2008-2010,2025-08-30T10:17:00.066711
238114,CID_100000_500000,2025-08-26,2008-2010,2025-08-30T10:17:01.732247
470158,CID_100000_500000,2025-08-26,2008-2010,2025-08-30T10:17:03.488460
442768,CID_100000_500000,2025-08-26,2008-2010,2025-08-30T10:17:07.458704
448774,CID_100000_500000,2025-08-26,2008-2010,2025-08-30T10:17:09.087055
210641,CID_100000_500000,2025-08-26,2008-2010,2025-08-30T10:17:11.027202
118824,CID_100000_500000,2025-08-26,2008-2010,2025-08-30T10:17:13.777276
342792,CID_100000_500000,2025-08-26,2008-2010,2025-08-30T10:17:15.684871
112308,CID_100000_500000,2025-08-26,2008-2010,2025-08-30T10:17:19.397150
311527,CID_100000_500000,2025-08-26,2008-2010,2025-08-30T10:17:21.557065
340894,CID_100000_500000,2025-08-26,2008-2010,2025-08-30T10:17:23.193914
253219,CID_100000_500000,2025-08-26,2008-2010,2025-08-30T10:17:25.619057
391631,CID_100000_500000,2025-08-26,2008-2010,2025-08-30T10:17:27.545359
350120,CID_100000_500000,2025-08-26,2008-2010,2025-08-30T10:17:29.164258
436471,CID_100000_500000,2025-08-26,2008-2010,2025-08-30T10:17:31.055265
484314,CID_100000_500000,2025-08-26,2008-2010,2025-08-30T10:17:32.815429
148665,CID_100000_500000,2025-08-26,2008-2010,2025-08-30T10:17:34.704289
269788,CID_100000_500000,2025-08-26,2008-2010,2025-08-30T10:17:36.971748
387133,CID_100000_500000,2025-08-26,2008-2010,2025-08-30T10:17:38.715939
122505,CID_100000_500000,2025-08-26,2008-2010,2025-08-30T10:17:40.429791
456242,CID_100000_500000,2025-08-26,2008-2010,2025-08-30T10:17:42.306772
131553,CID_100000_500000,2025-08-26,2008-2010,2025-08-30T10:17:45.689003
440255,CID_100000_500000,2025-08-26,2008-2010,2025-08-30T10:17:48.510255
398987,CID_100000_500000,2025-08-26,2008-2010,2025-08-30T10:17:50.066443
322664,CID_100000_500000,2025-08-26,2008-2010,2025-08-30T10:17:51.683004
146720,CID_100000_500000,2025-08-26,2008-2010,2025-08-30T10:17:53.776791
123198,CID_100000_500000,2025-08-26,2008-2010,2025-08-30T10:17:56.972772
185394,CID_100000_500000,2025-08-26,2008-2010,2025-08-30T10:17:59.841841
323057,CID_100000_500000,2025-08-26,2008-2010,2025-08-30T10:18:01.411948
276006,CID_100000_500000,,2008-2010,2025-08-30T10:18:04.378019
987497,CID_500000_1000000,,2010-2012,2025-08-30T10:18:07.491878
577446,CID_500000_1000000,2025-08-26,2010-2012,2025-08-30T10:18:11.270678
672298,CID_500000_1000000,2025-08-26,2010-2012,2025-08-30T10:18:14.834457
559842,CID_500000_1000000,2025-08-26,2010-2012,2025-08-30T10:18:17.613683
749063,CID_500000_1000000,,2010-2012,2025-08-30T10:18:20.446404
884295,CID_500000_1000000,2025-08-26,2010-2012,2025-08-30T10:18:22.826698
596221,CID_500000_1000000,2025-08-26,2010-2012,2025-08-30T10:18:24.908137
629157,CID_500000_1000000,2025-08-26,2010-2012,2025-08-30T10:18:26.793300
560593,CID_500000_1000000,2025-08-26,2010-2012,2025-08-30T10:18:28.857164
773475,CID_500000_1000000,2025-08-26,2010-2012,2025-08-30T10:18:30.679338
666464,CID_500000_1000000,2025-08-26,2010-2012,2025-08-30T10:18:32.729128
686461,CID_500000_1000000,,2010-2012,2025-08-30T10:18:35.577312
931899,CID_500000_1000000,2025-08-26,2010-2012,2025-08-30T10:18:38.213520
827049,CID_500000_1000000,2025-08-26,2010-2012,2025-08-30T10:18:40.351154
996156,CID_500000_1000000,,2010-2012,2025-08-30T10:18:43.219253
941362,CID_500000_1000000,,2010-2012,2025-08-30T10:18:45.927700
787618,CID_500000_1000000,2025-08-26,2010-2012,2025-08-30T10:18:48.163779
535966,CID_500000_1000000,2025-08-26,2010-2012,2025-08-30T10:18:50.324862
780109,CID_500000_1000000,,2010-2012,2025-08-30T10:18:53.129954
949815,CID_500000_1000000,2025-08-26,2010-2012,2025-08-30T10:18:55.031529
558612,CID_500000_1000000,2025-08-26,2010-2012,2025-08-30T10:18:56.976090
654929,CID_500000_1000000,2025-08-26,2010-2012,2025-08-30T10:18:59.444111
662158,CID_500000_1000000,2025-08-26,2010-2012,2025-08-30T10:19:01.255891
999650,CID_500000_1000000,2025-08-26,2010-2012,2025-08-30T10:19:02.970963
918178,CID_500000_1000000,,2010-2012,2025-08-30T10:19:05.802805
595565,CID_500000_1000000,2025-08-26,2010-2012,2025-08-30T10:19:07.803907
512466,CID_500000_1000000,2025-08-26,2010-2012,2025-08-30T10:19:09.889732
530213,CID_500000_1000000,2025-08-26,2010-2012,2025-08-30T10:19:11.884837
912574,CID_500000_1000000,,2010-2012,2025-08-30T10:19:14.655292
997054,CID_500000_1000000,2025-08-26,2010-2012,2025-08-30T10:19:16.203982
662356,CID_500000_1000000,2025-08-26,2010-2012,2025-08-30T10:19:17.586074
993303,CID_500000_1000000,2025-08-26,2010-2012,2025-08-30T10:19:19.104237
844373,CID_500000_1000000,,2010-2012,2025-08-30T10:19:22.124178
842949,CID_500000_1000000,2025-08-26,2010-2012,2025-08-30T10:19:23.905046
837793,CID_500000_1000000,,2010-2012,2025-08-30T10:19:26.820861
729551,CID_500000_1000000,,2010-2012,2025-08-30T10:19:29.635599
788222,CID_500000_1000000,2025-08-26,2010-2012,2025-08-30T10:19:31.211140
866658,CID_500000_1000000,2025-08-26,2010-2012,2025-08-30T10:19:32.931137
739954,CID_500000_1000000,,2010-2012,2025-08-30T10:19:35.805207
933062,CID_500000_1000000,2025-08-26,2010-2012,2025-08-30T10:19:37.290996
673912,CID_500000_1000000,2025-08-26,2010-2012,2025-08-30T10:19:38.953387
663430,CID_500000_1000000,2025-08-26,2010-2012,2025-08-30T10:19:41.011640
600543,CID_500000_1000000,,2010-2012,2025-08-30T10:19:43.878163
516028,CID_500000_1000000,2025-08-26,2010-2012,2025-08-30T10:19:45.745931
630146,CID_500000_1000000,2025-08-26,2010-2012,2025-08-30T10:19:47.280175
969178,CID_500000_1000000,2025-08-26,2010-2012,2025-08-30T10:19:49.272650
674493,CID_500000_1000000,2025-08-26,2010-2012,2025-08-30T10:19:51.825366
968862,CID_500000_1000000,,2010-2012,2025-08-30T10:19:54.719929
905967,CID_500000_1000000,,2010-2012,2025-08-30T10:19:57.627891
781543,CID_500000_1000000,2025-08-26,2010-2012,2025-08-30T10:20:00.123323
713952,CID_500000_1000000,2025-08-26,2010-2012,2025-08-30T10:20:02.782782
896601,CID_500000_1000000,2025-08-26,2010-2012,2025-08-30T10:20:04.460677
543309,CID_500000_1000000,2025-08-26,2010-2012,2025-08-30T10:20:06.367578
746865,CID_500000_1000000,2025-08-26,2010-2012,2025-08-30T10:20:08.400494
523434,CID_500000_1000000,2025-08-26,2010-2012,2025-08-30T10:20:10.577681
659524,CID_500000_1000000,2025-08-26,2010-2012,2025-08-30T10:20:13.088962
640919,CID_500000_1000000,2025-08-26,2010-2012,2025-08-30T10:20:16.345463
932022,CID_500000_1000000,2025-08-26,2010-2012,2025-08-30T10:20:17.897303
675271,CID_500000_1000000,2025-08-26,2010-2012,2025-08-30T10:20:19.470536
883085,CID_500000_1000000,2025-08-26,2010-2012,2025-08-30T10:20:20.955702
758356,CID_500000_1000000,2025-08-26,2010-2012,2025-08-30T10:20:22.491278
677335,CID_500000_1000000,2025-08-26,2010-2012,2025-08-30T10:20:24.521644
721896,CID_500000_1000000,2025-08-26,2010-2012,2025-08-30T10:20:26.161510
982952,CID_500000_1000000,2025-08-26,2010-2012,2025-08-30T10:20:27.961435
648376,CID_500000_1000000,2025-08-26,2010-2012,2025-08-30T10:20:29.865685
963408,CID_500000_1000000,,2010-2012,2025-08-30T10:20:33.001748
919502,CID_500000_1000000,2025-08-26,2010-2012,2025-08-30T10:20:34.878858
882991,CID_500000_1000000,2025-08-26,2010-2012,2025-08-30T10:20:36.726640
763031,CID_500000_1000000,2025-08-26,2010-2012,2025-08-30T10:20:38.960472
936780,CID_500000_1000000,2025-08-26,2010-2012,2025-08-30T10:20:40.831217
705336,CID_500000_1000000,,2010-2012,2025-08-30T10:20:43.704589
860919,CID_500000_1000000,,2010-2012,2025-08-30T10:20:46.503377
939385,CID_500000_1000000,,2010-2012,2025-08-30T10:20:49.304272
780893,CID_500000_1000000,2025-08-26,2010-2012,2025-08-30T10:20:51.048754
854142,CID_500000_1000000,2025-08-26,2010-2012,2025-08-30T10:20:53.645671
753007,CID_500000_1000000,,2010-2012,2025-08-30T10:20:56.489889
704730,CID_500000_1000000,2025-08-26,2010-2012,2025-08-30T10:20:58.352665
971221,CID_500000_1000000,2025-08-26,2010-2012,2025-08-30T10:20:59.879821
744231,CID_500000_1000000,2025-08-26,2010-2012,2025-08-30T10:21:01.496162
530205,CID_500000_1000000,2025-08-26,2010-2012,2025-08-30T10:21:03.274354
582615,CID_500000_1000000,2025-08-26,2010-2012,2025-08-30T10:21:05.563752
633044,CID_500000_1000000,2025-08-26,2010-2012,2025-08-30T10:21:07.734543
558053,CID_500000_1000000,2025-08-26,2010-2012,2025-08-30T10:21:09.590662
573867,CID_500000_1000000,2025-08-26,2010-2012,2025-08-30T10:21:11.409645
864003,CID_500000_1000000,,2010-2012,2025-08-30T10:21:14.150206
743171,CID_500000_1000000,2025-08-26,2010-2012,2025-08-30T10:21:15.598359
970792,CID_500000_1000000,2025-08-26,2010-2012,2025-08-30T10:21:17.447534
683407,CID_500000_1000000,2025-08-26,2010-2012,2025-08-30T10:21:19.400746
812291,CID_500000_1000000,2025-08-26,2010-2012,2025-08-30T10:21:21.330971
940671,CID_500000_1000000,,2010-2012,2025-08-30T10:21:24.419909
684184,CID_500000_1000000,2025-08-26,2010-2012,2025-08-30T10:21:25.883120
747085,CID_500000_1000000,2025-08-26,2010-2012,2025-08-30T10:21:27.312894
818850,CID_500000_1000000,,2010-2012,2025-08-30T10:21:35.160862
578098,CID_500000_1000000,,2010-2012,2025-08-30T10:21:48.502660
932622,CID_500000_1000000,2025-08-26,2010-2012,2025-08-30T10:21:53.360035
616893,CID_500000_1000000,2025-08-26,2010-2012,2025-08-30T10:21:56.087052
775985,CID_500000_1000000,,2010-2012,2025-08-30T10:21:59.012514
918791,CID_500000_1000000,,2010-2012,2025-08-30T10:22:01.876467
898424,CID_500000_1000000,,2010-2012,2025-08-30T10:22:04.881403
999330,CID_500000_1000000,2025-08-26,2010-2012,2025-08-30T10:22:06.357319
3157601,CID_1000000_5000000,2025-08-26,2012-2015,2025-08-30T10:22:10.643715
3369028,CID_1000000_5000000,,2012-2015,2025-08-30T10:22:14.786320
1132659,CID_1000000_5000000,,2012-2015,2025-08-30T10:22:17.518870
3828737,CID_1000000_5000000,,2012-2015,2025-08-30T10:22:21.263391
4105051,CID_1000000_5000000,,2012-2015,2025-08-30T10:22:24.546563
3094811,CID_1000000_5000000,2025-08-26,2012-2015,2025-08-30T10:22:26.871065
3392258,CID_1000000_5000000,,2012-2015,2025-08-30T10:22:29.806074
2497941,CID_1000000_5000000,,2012-2015,2025-08-30T10:22:32.624451
2473872,CID_1000000_5000000,,2012-2015,2025-08-30T10:22:35.533332
4954673,CID_1000000_5000000,,2012-2015,2025-08-30T10:22:38.328655
2019660,CID_1000000_5000000,2025-08-26,2012-2015,2025-08-30T10:22:41.447613
3715510,CID_1000000_5000000,,2012-2015,2025-08-30T10:22:44.283696
2327101,CID_1000000_5000000,2025-08-26,2012-2015,2025-08-30T10:22:46.953358
1498724,CID_1000000_5000000,2025-08-26,2012-2015,2025-08-30T10:22:49.453542
2942823,CID_1000000_5000000,,2012-2015,2025-08-30T10:22:52.414188
2219206,CID_1000000_5000000,2025-08-26,2012-2015,2025-08-30T10:22:54.156864
1803244,CID_1000000_5000000,2025-08-26,2012-2015,2025-08-30T10:22:56.370261
1311156,CID_1000000_5000000,2025-08-26,2012-2015,2025-08-30T10:22:58.474009
4479292,CID_1000000_5000000,2025-08-26,2012-2015,2025-08-30T10:23:02.069495
3768229,CID_1000000_5000000,2025-08-26,2012-2015,2025-08-30T10:23:04.658745
1517359,CID_1000000_5000000,,2012-2015,2025-08-30T10:23:07.454285
3390373,CID_1000000_5000000,,2012-2015,2025-08-30T10:23:10.363317
4980192,CID_1000000_5000000,,2012-2015,2025-08-30T10:23:13.381947
2612631,CID_1000000_5000000,2025-08-26,2012-2015,2025-08-30T10:23:15.134489
3761823,CID_1000000_5000000,,2012-2015,2025-08-30T10:23:18.029584
1874536,CID_1000000_5000000,,2012-2015,2025-08-30T10:23:20.874085
2978903,CID_1000000_5000000,2025-08-26,2012-2015,2025-08-30T10:23:23.756803
2712427,CID_1000000_5000000,2025-08-26,2012-2015,2025-08-30T10:23:26.286169
2811388,CID_1000000_5000000,2025-08-26,2012-2015,2025-08-30T10:23:28.848763
3494920,CID_1000000_5000000,,2012-2015,2025-08-30T10:23:31.755411
2532484,CID_1000000_5000000,,2012-2015,2025-08-30T10:23:34.684364
4191343,CID_1000000_5000000,2025-08-26,2012-2015,2025-08-30T10:23:37.418776
3328068,CID_1000000_5000000,,2012-2015,2025-08-30T10:23:40.231101
2407603,CID_1000000_5000000,,2012-2015,2025-08-30T10:23:43.043791
4482719,CID_1000000_5000000,2025-08-26,2012-2015,2025-08-30T10:23:44.547833
1309583,CID_1000000_5000000,,2012-2015,2025-08-30T10:23:47.442831
1539170,CID_1000000_5000000,,2012-2015,2025-08-30T10:23:50.326517
1035780,CID_1000000_5000000,,2012-2015,2025-08-30T10:23:53.120175
2868527,CID_1000000_5000000,2025-08-26,2012-2015,2025-08-30T10:23:55.796090
3090676,CID_1000000_5000000,2025-08-26,2012-2015,2025-08-30T10:23:57.845152
2686473,CID_1000000_5000000,2025-08-26,2012-2015,2025-08-30T10:24:00.029950
3835385,CID_1000000_5000000,,2012-2015,2025-08-30T10:24:03.169851
1100965,CID_1000000_5000000,,2012-2015,2025-08-30T10:24:06.286501
4792334,CID_1000000_5000000,2025-08-26,2012-2015,2025-08-30T10:24:09.151266
1183117,CID_1000000_5000000,,2012-2015,2025-08-30T10:24:12.012161
2218054,CID_1000000_5000000,2025-08-26,2012-2015,2025-08-30T10:24:13.971346
4142828,CID_1000000_5000000,,2012-2015,2025-08-30T10:24:16.865848
1015779,CID_1000000_5000000,,2012-2015,2025-08-30T10:24:20.256666
4799056,CID_1000000_5000000,,2012-2015,2025-08-30T10:24:23.108307
1186427,CID_1000000_5000000,,2012-2015,2025-08-30T10:24:25.874933
2847040,CID_1000000_5000000,2025-08-26,2012-2015,2025-08-30T10:24:28.066544
2974422,CID_1000000_5000000,,2012-2015,2025-08-30T10:24:30.823099
4092567,CID_1000000_5000000,,2012-2015,2025-08-30T10:24:33.691606
3345440,CID_1000000_5000000,,2012-2015,2025-08-30T10:24:36.464367
1717003,CID_1000000_5000000,2025-08-26,2012-2015,2025-08-30T10:24:38.765489
4546758,CID_1000000_5000000,,2012-2015,2025-08-30T10:24:41.592592
1372820,CID_1000000_5000000,2025-08-26,2012-2015,2025-08-30T10:24:43.458188
2703007,CID_1000000_5000000,,2012-2015,2025-08-30T10:24:46.233310
1563971,CID_1000000_5000000,2025-08-26,2012-2015,2025-08-30T10:24:48.646379
4912363,CID_1000000_5000000,,2012-2015,2025-08-30T10:24:51.509560
2652758,CID_1000000_5000000,,2012-2015,2025-08-30T10:24:55.523474
2290232,CID_1000000_5000000,,2012-2015,2025-08-30T10:24:58.500693
3642656,CID_1000000_5000000,2025-08-26,2012-2015,2025-08-30T10:25:00.701505
3624179,CID_1000000_5000000,,2012-2015,2025-08-30T10:25:19.099698
4874097,CID_1000000_5000000,2025-08-26,2012-2015,2025-08-30T10:25:22.150547
2988556,CID_1000000_5000000,2025-08-26,2012-2015,2025-08-30T10:25:24.259457
1162352,CID_1000000_5000000,,2012-2015,2025-08-30T10:25:27.203884
4052514,CID_1000000_5000000,,2012-2015,2025-08-30T10:25:29.956585
4540688,CID_1000000_5000000,2025-08-26,2012-2015,2025-08-30T10:25:32.273602
3168609,CID_1000000_5000000,,2012-2015,2025-08-30T10:25:35.120907
4326704,CID_1000000_5000000,,2012-2015,2025-08-30T10:25:37.987366
1139144,CID_1000000_5000000,,2012-2015,2025-08-30T10:25:40.832256
4556750,CID_1000000_5000000,,2012-2015,2025-08-30T10:25:43.677977
3905349,CID_1000000_5000000,2025-08-26,2012-2015,2025-08-30T10:25:45.990368
1208693,CID_1000000_5000000,,2012-2015,2025-08-30T10:25:48.937580
1867513,CID_1000000_5000000,2025-08-26,2012-2015,2025-08-30T10:25:50.891881
2914245,CID_1000000_5000000,2025-08-26,2012-2015,2025-08-30T10:25:52.898781
3362208,CID_1000000_5000000,,2012-2015,2025-08-30T10:25:55.656685
2128757,CID_1000000_5000000,,2012-2015,2025-08-30T10:25:58.444412
1749752,CID_1000000_5000000,2025-08-26,2012-2015,2025-08-30T10:26:00.207065
2725746,CID_1000000_5000000,,2012-2015,2025-08-30T10:26:06.620028
4320210,CID_1000000_5000000,,2012-2015,2025-08-30T10:26:14.765800
4286378,CID_1000000_5000000,,2012-2015,2025-08-30T10:26:23.209041
2948391,CID_1000000_5000000,2025-08-26,2012-2015,2025-08-30T10:26:24.966577
4638083,CID_1000000_5000000,,2012-2015,2025-08-30T10:26:27.819026
3708615,CID_1000000_5000000,2025-08-26,2012-2015,2025-08-30T10:26:29.973246
2120786,CID_1000000_5000000,2025-08-26,2012-2015,2025-08-30T10:26:32.158667
1239839,CID_1000000_5000000,,2012-2015,2025-08-30T10:26:35.233772
2379033,CID_1000000_5000000,,2012-2015,2025-08-30T10:26:38.067256
4432332,CID_1000000_5000000,,2012-2015,2025-08-30T10:26:55.915516
3899807,CID_1000000_5000000,,2012-2015,2025-08-30T10:26:59.092883
3285153,CID_1000000_5000000,2025-08-26,2012-2015,2025-08-30T10:27:01.400233
3836807,CID_1000000_5000000,2025-08-26,2012-2015,2025-08-30T10:27:03.939912
1376385,CID_1000000_5000000,,2012-2015,2025-08-30T10:27:06.744278
3579340,CID_1000000_5000000,,2012-2015,2025-08-30T10:27:09.656332
2118960,CID_1000000_5000000,,2012-2015,2025-08-30T10:27:12.525197
2705409,CID_1000000_5000000,,2012-2015,2025-08-30T10:27:15.389441
1788517,CID_1000000_5000000,,2012-2015,2025-08-30T10:27:18.146658
1415467,CID_1000000_5000000,,2012-2015,2025-08-30T10:27:20.844750
2549671,CID_1000000_5000000,,2012-2015,2025-08-30T10:27:23.867703
8658648,CID_5000000_10000000,2025-08-26,2015-2017,2025-08-30T10:27:28.625700
5317798,CID_5000000_10000000,2025-08-26,2015-2017,2025-08-30T10:27:33.210527
8336711,CID_5000000_10000000,2025-08-26,2015-2017,2025-08-30T10:27:35.225930
7107369,CID_5000000_10000000,,2015-2017,2025-08-30T10:27:38.241136
5169024,CID_5000000_10000000,2025-08-26,2015-2017,2025-08-30T10:27:40.614729
8019802,CID_5000000_10000000,,2015-2017,2025-08-30T10:27:43.380350
7630687,CID_5000000_10000000,,2015-2017,2025-08-30T10:27:46.325540
9566569,CID_5000000_10000000,,2015-2017,2025-08-30T10:27:49.184394
8100338,CID_5000000_10000000,,2015-2017,2025-08-30T10:27:51.937385
8254915,CID_5000000_10000000,2025-08-26,2015-2017,2025-08-30T10:27:53.479757
7332966,CID_5000000_10000000,2025-08-26,2015-2017,2025-08-30T10:27:58.281307
9019949,CID_5000000_10000000,,2015-2017,2025-08-30T10:28:01.412363
7684029,CID_5000000_10000000,,2015-2017,2025-08-30T10:28:04.275131
9198548,CID_5000000_10000000,2025-08-26,2015-2017,2025-08-30T10:28:06.942627
7258597,CID_5000000_10000000,,2015-2017,2025-08-30T10:28:09.916111
7311663,CID_5000000_10000000,2025-08-26,2015-2017,2025-08-30T10:28:11.836139
5772204,CID_5000000_10000000,,2015-2017,2025-08-30T10:28:14.772766
8654029,CID_5000000_10000000,,2015-2017,2025-08-30T10:28:17.761515
6551361,CID_5000000_10000000,,2015-2017,2025-08-30T10:28:20.799026
8282884,CID_5000000_10000000,2025-08-26,2015-2017,2025-08-30T10:28:22.764302
6703986,CID_5000000_10000000,2025-08-26,2015-2017,2025-08-30T10:28:26.033581
7052968,CID_5000000_10000000,,2015-2017,2025-08-30T10:28:29.054244
6438506,CID_5000000_10000000,2025-08-26,2015-2017,2025-08-30T10:28:33.198530
7939308,CID_5000000_10000000,,2015-2017,2025-08-30T10:28:35.997971
7545578,CID_5000000_10000000,,2015-2017,2025-08-30T10:28:39.118483
9932463,CID_5000000_10000000,2025-08-26,2015-2017,2025-08-30T10:28:43.170663
8473443,CID_5000000_10000000,2025-08-26,2015-2017,2025-08-30T10:28:44.808631
5003672,CID_5000000_10000000,2025-08-26,2015-2017,2025-08-30T10:28:47.153815
8392034,CID_5000000_10000000,,2015-2017,2025-08-30T10:28:50.023347
9813112,CID_5000000_10000000,2025-08-26,2015-2017,2025-08-30T10:28:52.888957
8717781,CID_5000000_10000000,,2015-2017,2025-08-30T10:28:55.719168
8736199,CID_5000000_10000000,,2015-2017,2025-08-30T10:28:58.522048
8845175,CID_5000000_10000000,,2015-2017,2025-08-30T10:29:01.337146
6140636,CID_5000000_10000000,,2015-2017,2025-08-30T10:29:04.298667
7870701,CID_5000000_10000000,2025-08-26,2015-2017,2025-08-30T10:29:06.291908
7765939,CID_5000000_10000000,,2015-2017,2025-08-30T10:29:09.233062
9077625,CID_5000000_10000000,,2015-2017,2025-08-30T10:29:12.458476
7356169,CID_5000000_10000000,2025-08-26,2015-2017,2025-08-30T10:29:14.603424
8828936,CID_5000000_10000000,,2015-2017,2025-08-30T10:29:17.664152
5383575,CID_5000000_10000000,,2015-2017,2025-08-30T10:29:20.488322
5563812,CID_5000000_10000000,,2015-2017,2025-08-30T10:29:23.301437
8293394,CID_5000000_10000000,2025-08-26,2015-2017,2025-08-30T10:29:24.988593
7724310,CID_5000000_10000000,,2015-2017,2025-08-30T10:29:27.869727
5928310,CID_5000000_10000000,,2015-2017,2025-08-30T10:29:30.941806
5355026,CID_5000000_10000000,2025-08-26,2015-2017,2025-08-30T10:29:35.799417
7370045,CID_5000000_10000000,,2015-2017,2025-08-30T10:29:38.777855
8415168,CID_5000000_10000000,,2015-2017,2025-08-30T10:29:41.726523
7707190,CID_5000000_10000000,,2015-2017,2025-08-30T10:29:44.676170
6482338,CID_5000000_10000000,2025-08-26,2015-2017,2025-08-30T10:29:47.337173
6864407,CID_5000000_10000000,,2015-2017,2025-08-30T10:29:50.245542
9986597,CID_5000000_10000000,2025-08-26,2015-2017,2025-08-30T10:29:52.479055
5003926,CID_5000000_10000000,,2015-2017,2025-08-30T10:29:55.410687
7188560,CID_5000000_10000000,2025-08-26,2015-2017,2025-08-30T10:29:57.411263
8197058,CID_5000000_10000000,,2015-2017,2025-08-30T10:30:00.208343
7605604,CID_5000000_10000000,,2015-2017,2025-08-30T10:30:03.169974
8508991,CID_5000000_10000000,,2015-2017,2025-08-30T10:30:06.020643
7025089,CID_5000000_10000000,,2015-2017,2025-08-30T10:30:08.961068
6063541,CID_5000000_10000000,2025-08-26,2015-2017,2025-08-30T10:30:11.182916
7324538,CID_5000000_10000000,,2015-2017,2025-08-30T10:30:14.411098
9610081,CID_5000000_10000000,,2015-2017,2025-08-30T10:30:17.273338
7029330,CID_5000000_10000000,2025-08-26,2015-2017,2025-08-30T10:30:19.304173
9927265,CID_5000000_10000000,2025-08-26,2015-2017,2025-08-30T10:30:22.675046
6478397,CID_5000000_10000000,,2015-2017,2025-08-30T10:30:25.529145
6677416,CID_5000000_10000000,2025-08-26,2015-2017,2025-08-30T10:30:26.969989
8000245,CID_5000000_10000000,,2015-2017,2025-08-30T10:30:30.862139
5673984,CID_5000000_10000000,,2015-2017,2025-08-30T10:30:33.761463
8590369,CID_5000000_10000000,2025-08-26,2015-2017,2025-08-30T10:30:35.336967
5173155,CID_5000000_10000000,,2015-2017,2025-08-30T10:30:38.227738
7630470,CID_5000000_10000000,2025-08-26,2015-2017,2025-08-30T10:30:39.892161
8787003,CID_5000000_10000000,2025-08-26,2015-2017,2025-08-30T10:30:41.527254
7957411,CID_5000000_10000000,2025-08-26,2015-2017,2025-08-30T10:30:43.078665
7231203,CID_5000000_10000000,,2015-2017,2025-08-30T10:30:45.963656
7771966,CID_5000000_10000000,,2015-2017,2025-08-30T10:30:48.870863
7405929,CID_5000000_10000000,,2015-2017,2025-08-30T10:30:51.661694
8081279,CID_5000000_10000000,2025-08-26,2015-2017,2025-08-30T10:30:53.283877
7875416,CID_5000000_10000000,,2015-2017,2025-08-30T10:30:56.164741
7091121,CID_5000000_10000000,,2015-2017,2025-08-30T10:30:58.872252
5230627,CID_5000000_10000000,,2015-2017,2025-08-30T10:31:01.713052
8001496,CID_5000000_10000000,2025-08-26,2015-2017,2025-08-30T10:31:03.492248
8522780,CID_5000000_10000000,,2015-2017,2025-08-30T10:31:06.303230
6469736,CID_5000000_10000000,2025-08-26,2015-2017,2025-08-30T10:31:14.187876
9873932,CID_5000000_10000000,2025-08-26,2015-2017,2025-08-30T10:31:19.175325
6471157,CID_5000000_10000000,,2015-2017,2025-08-30T10:31:22.277727
9289954,CID_5000000_10000000,,2015-2017,2025-08-30T10:31:25.281070
7084066,CID_5000000_10000000,2025-08-26,2015-2017,2025-08-30T10:31:28.371055
8175229,CID_5000000_10000000,,2015-2017,2025-08-30T10:31:31.156252
7760123,CID_5000000_10000000,,2015-2017,2025-08-30T10:31:34.192007
7270261,CID_5000000_10000000,,2015-2017,2025-08-30T10:31:37.025922
9912188,CID_5000000_10000000,2025-08-26,2015-2017,2025-08-30T10:31:39.635977
8606369,CID_5000000_10000000,2025-08-26,2015-2017,2025-08-30T10:31:41.494123
8368807,CID_5000000_10000000,,2015-2017,2025-08-30T10:31:44.719310
5971634,CID_5000000_10000000,,2015-2017,2025-08-30T10:31:47.649113
5084863,CID_5000000_10000000,2025-08-26,2015-2017,2025-08-30T10:31:53.164880
7678622,CID_5000000_10000000,2025-08-26,2015-2017,2025-08-30T10:31:55.854847
6728948,CID_5000000_10000000,2025-08-26,2015-2017,2025-08-30T10:31:59.007092
9284097,CID_5000000_10000000,,2015-2017,2025-08-30T10:32:02.157031
6214445,CID_5000000_10000000,,2015-2017,2025-08-30T10:32:05.088057
8744776,CID_5000000_10000000,2025-08-26,2015-2017,2025-08-30T10:32:07.600886
8971364,CID_5000000_10000000,,2015-2017,2025-08-30T10:32:10.637054
5238511,CID_5000000_10000000,2025-08-26,2015-2017,2025-08-30T10:32:13.162492
33617344,CID_10000000_50000000,2025-08-26,2017-2020,2025-08-30T10:32:18.113644
11977209,CID_10000000_50000000,,2017-2020,2025-08-30T10:32:21.141449
37900753,CID_10000000_50000000,,2017-2020,2025-08-30T10:32:23.980898
49715733,CID_10000000_50000000,,2017-2020,2025-08-30T10:32:26.932637
20332938,CID_10000000_50000000,2025-08-26,2017-2020,2025-08-30T10:32:32.649945
10896091,CID_10000000_50000000,,2017-2020,2025-08-30T10:32:36.508673
19375541,CID_10000000_50000000,2025-08-26,2017-2020,2025-08-30T10:32:41.510729
43422458,CID_10000000_50000000,,2017-2020,2025-08-30T10:32:44.704287
41378217,CID_10000000_50000000,,2017-2020,2025-08-30T10:32:47.722921
42906203,CID_10000000_50000000,2025-08-26,2017-2020,2025-08-30T10:32:50.997769
24674459,CID_10000000_50000000,2025-08-26,2017-2020,2025-08-30T10:32:53.498836
25142337,CID_10000000_50000000,2025-08-26,2017-2020,2025-08-30T10:32:58.558044
20793497,CID_10000000_50000000,2025-08-26,2017-2020,2025-08-30T10:33:01.427624
39196094,CID_10000000_50000000,2025-08-26,2017-2020,2025-08-30T10:33:04.703301
28702934,CID_10000000_50000000,,2017-2020,2025-08-30T10:33:07.744220
15101122,CID_10000000_50000000,2025-08-26,2017-2020,2025-08-30T10:33:11.545134
17251036,CID_10000000_50000000,2025-08-26,2017-2020,2025-08-30T10:33:13.863333
45210535,CID_10000000_50000000,,2017-2020,2025-08-30T10:33:16.733466
13472025,CID_10000000_50000000,2025-08-26,2017-2020,2025-08-30T10:33:21.371411
33744131,CID_10000000_50000000,,2017-2020,2025-08-30T10:33:24.371662
24044321,CID_10000000_50000000,2025-08-26,2017-2020,2025-08-30T10:33:26.623954
19535548,CID_10000000_50000000,,2017-2020,2025-08-30T10:33:29.581684
19096983,CID_10000000_50000000,2025-08-26,2017-2020,2025-08-30T10:33:32.682675
17023193,CID_10000000_50000000,,2017-2020,2025-08-30T10:33:35.492716
22982279,CID_10000000_50000000,2025-08-26,2017-2020,2025-08-30T10:33:39.487507
10493421,CID_10000000_50000000,2025-08-26,2017-2020,2025-08-30T10:33:42.971406
18470351,CID_10000000_50000000,2025-08-26,2017-2020,2025-08-30T10:33:47.031475
33620703,CID_10000000_50000000,2025-08-26,2017-2020,2025-08-30T10:33:49.137018
10609147,CID_10000000_50000000,,2017-2020,2025-08-30T10:33:51.990993
17545216,CID_10000000_50000000,,2017-2020,2025-08-30T10:33:54.943207
27432989,CID_10000000_50000000,,2017-2020,2025-08-30T10:33:58.224185
19325254,CID_10000000_50000000,2025-08-26,2017-2020,2025-08-30T10:34:00.724195
11725636,CID_10000000_50000000,2025-08-26,2017-2020,2025-08-30T10:34:04.894899
17070593,CID_10000000_50000000,,2017-2020,2025-08-30T10:34:09.689770
14955420,CID_10000000_50000000,2025-08-26,2017-2020,2025-08-30T10:34:12.366269
23986629,CID_10000000_50000000,2025-08-26,2017-2020,2025-08-30T10:34:14.581069
23262645,CID_10000000_50000000,,2017-2020,2025-08-30T10:34:17.460757
16791605,CID_10000000_50000000,,2017-2020,2025-08-30T10:34:20.711256
24566544,CID_10000000_50000000,,2017-2020,2025-08-30T10:34:23.536796
24282444,CID_10000000_50000000,2025-08-26,2017-2020,2025-08-30T10:34:25.286929
15916620,CID_10000000_50000000,2025-08-26,2017-2020,2025-08-30T10:34:27.432089
32620373,CID_10000000_50000000,,2017-2020,2025-08-30T10:34:30.381506
18845070,CID_10000000_50000000,,2017-2020,2025-08-30T10:34:33.362168
22532048,CID_10000000_50000000,,2017-2020,2025-08-30T10:34:36.230542
43839584,CID_10000000_50000000,,2017-2020,2025-08-30T10:34:39.022739
25433988,CID_10000000_50000000,,2017-2020,2025-08-30T10:34:42.214137
22689886,CID_10000000_50000000,,2017-2020,2025-08-30T10:34:45.368906
11871732,CID_10000000_50000000,2025-08-26,2017-2020,2025-08-30T10:34:48.227198
45117356,CID_10000000_50000000,,2017-2020,2025-08-30T10:34:50.969809
22704793,CID_10000000_50000000,2025-08-26,2017-2020,2025-08-30T10:34:54.564760
42384298,CID_10000000_50000000,,2017-2020,2025-08-30T10:34:57.534845
49253375,CID_10000000_50000000,,2017-2020,2025-08-30T10:35:00.534636
11902679,CID_10000000_50000000,2025-08-26,2017-2020,2025-08-30T10:35:04.259029
41137287,CID_10000000_50000000,2025-08-26,2017-2020,2025-08-30T10:35:07.180645
44233660,CID_10000000_50000000,,2017-2020,2025-08-30T10:35:10.046137
15211244,CID_10000000_50000000,2025-08-26,2017-2020,2025-08-30T10:35:12.180245
11450499,CID_10000000_50000000,2025-08-26,2017-2020,2025-08-30T10:35:16.183389
38100396,CID_10000000_50000000,,2017-2020,2025-08-30T10:35:19.044289
47260763,CID_10000000_50000000,2025-08-26,2017-2020,2025-08-30T10:35:22.783378
46396346,CID_10000000_50000000,2025-08-26,2017-2020,2025-08-30T10:35:26.844530
17001081,CID_10000000_50000000,,2017-2020,2025-08-30T10:35:29.873053
36240174,CID_10000000_50000000,,2017-2020,2025-08-30T10:35:32.837542
10549738,CID_10000000_50000000,,2017-2020,2025-08-30T10:35:35.613210
18964273,CID_10000000_50000000,2025-08-26,2017-2020,2025-08-30T10:35:37.933892
21560070,CID_10000000_50000000,2025-08-26,2017-2020,2025-08-30T10:35:40.964684
26182012,CID_10000000_50000000,,2017-2020,2025-08-30T10:35:43.825914
24679575,CID_10000000_50000000,,2017-2020,2025-08-30T10:35:46.727900
11430360,CID_10000000_50000000,2025-08-26,2017-2020,2025-08-30T10:35:49.808265
44287184,CID_10000000_50000000,2025-08-26,2017-2020,2025-08-30T10:35:53.054586
24176123,CID_10000000_50000000,2025-08-26,2017-2020,2025-08-30T10:35:54.899849
31787598,CID_10000000_50000000,,2017-2020,2025-08-30T10:35:57.846642
44900561,CID_10000000_50000000,2025-08-26,2017-2020,2025-08-30T10:36:00.464407
11420503,CID_10000000_50000000,2025-08-26,2017-2020,2025-08-30T10:36:02.450077
46858157,CID_10000000_50000000,,2017-2020,2025-08-30T10:36:05.276369
32977680,CID_10000000_50000000,,2017-2020,2025-08-30T10:36:08.499295
30689340,CID_10000000_50000000,,2017-2020,2025-08-30T10:36:11.631090
18182977,CID_10000000_50000000,2025-08-26,2017-2020,2025-08-30T10:36:13.911348
19532614,CID_10000000_50000000,2025-08-26,2017-2020,2025-08-30T10:36:15.991275
28732357,CID_10000000_50000000,,2017-2020,2025-08-30T10:36:36.714622
28716421,CID_10000000_50000000,2025-08-26,2017-2020,2025-08-30T10:36:39.098690
23991871,CID_10000000_50000000,,2017-2020,2025-08-30T10:36:41.958876
18306443,CID_10000000_50000000,2025-08-26,2017-2020,2025-08-30T10:36:44.143322
13855990,CID_10000000_50000000,2025-08-26,2017-2020,2025-08-30T10:36:47.206765
22967885,CID_10000000_50000000,2025-08-26,2017-2020,2025-08-30T10:36:49.133513
47063477,CID_10000000_50000000,2025-08-26,2017-2020,2025-08-30T10:36:50.864402
18215773,CID_10000000_50000000,2025-08-26,2017-2020,2025-08-30T10:36:54.138664
11820102,CID_10000000_50000000,2025-08-26,2017-2020,2025-08-30T10:36:57.238273
44488251,CID_10000000_50000000,2025-08-26,2017-2020,2025-08-30T10:37:01.348397
42972501,CID_10000000_50000000,,2017-2020,2025-08-30T10:37:04.053670
10654706,CID_10000000_50000000,2025-08-26,2017-2020,2025-08-30T10:37:07.577721
26225510,CID_10000000_50000000,,2017-2020,2025-08-30T10:37:10.505627
24010818,CID_10000000_50000000,,2017-2020,2025-08-30T10:37:19.367118
23861452,CID_10000000_50000000,,2017-2020,2025-08-30T10:37:22.999661
17022299,CID_10000000_50000000,,2017-2020,2025-08-30T10:37:26.005463
43140521,CID_10000000_50000000,,2017-2020,2025-08-30T10:37:28.826439
20946917,CID_10000000_50000000,2025-08-26,2017-2020,2025-08-30T10:37:31.672165
17070098,CID_10000000_50000000,,2017-2020,2025-08-30T10:37:34.598953
36844757,CID_10000000_50000000,,2017-2020,2025-08-30T10:37:37.561042
22336189,CID_10000000_50000000,2025-08-26,2017-2020,2025-08-30T10:37:41.445692
16513947,CID_10000000_50000000,,2017-2020,2025-08-30T10:37:44.347190
104592352,CID_50000000_116000000,,2020-2024,2025-08-30T10:37:47.278071
110325083,CID_50000000_116000000,,2020-2024,2025-08-30T10:37:50.392340
58881782,CID_50000000_116000000,2025-08-26,2020-2024,2025-08-30T10:37:55.151581
72323507,CID_50000000_116000000,2025-08-26,2020-2024,2025-08-30T10:38:00.522976
60907613,CID_50000000_116000000,,2020-2024,2025-08-30T10:38:03.552423
50848364,CID_50000000_116000000,2025-08-26,2020-2024,2025-08-30T10:38:06.633930
109649222,CID_50000000_116000000,2025-08-26,2020-2024,2025-08-30T10:38:11.027798
101903834,CID_50000000_116000000,2025-08-26,2020-2024,2025-08-30T10:38:14.327678
65175268,CID_50000000_116000000,2025-08-26,2020-2024,2025-08-30T10:38:17.299507
103735878,CID_50000000_116000000,,2020-2024,2025-08-30T10:38:20.617421
81040795,CID_50000000_116000000,,2020-2024,2025-08-30T10:38:23.600095
70588476,CID_50000000_116000000,2025-08-26,2020-2024,2025-08-30T10:38:27.363573
93322072,CID_50000000_116000000,,2020-2024,2025-08-30T10:38:30.148021
112524119,CID_50000000_116000000,,2020-2024,2025-08-30T10:38:33.064909
90066298,CID_50000000_116000000,2025-08-26,2020-2024,2025-08-30T10:38:36.646883
115082072,CID_50000000_116000000,,2020-2024,2025-08-30T10:38:39.470352
62698135,CID_50000000_116000000,,2020-2024,2025-08-30T10:38:42.569752
90784738,CID_50000000_116000000,2025-08-26,2020-2024,2025-08-30T10:38:47.023055
59199604,CID_50000000_116000000,2025-08-26,2020-2024,2025-08-30T10:38:50.930537
104960655,CID_50000000_116000000,,2020-2024,2025-08-30T10:38:53.823484
53691843,CID_50000000_116000000,,2020-2024,2025-08-30T10:38:56.681003
114239126,CID_50000000_116000000,,2020-2024,2025-08-30T10:38:59.653462
110455210,CID_50000000_116000000,,2020-2024,2025-08-30T10:39:02.682865
110802527,CID_50000000_116000000,,2020-2024,2025-08-30T10:39:05.660770
64214344,CID_50000000_116000000,,2020-2024,2025-08-30T10:39:08.706009
106037829,CID_50000000_116000000,,2020-2024,2025-08-30T10:39:11.826235
111881647,CID_50000000_116000000,2025-08-26,2020-2024,2025-08-30T10:39:14.611755
72019907,CID_50000000_116000000,,2020-2024,2025-08-30T10:39:17.736047
105310182,CID_50000000_116000000,,2020-2024,2025-08-30T10:39:20.594587
88172371,CID_50000000_116000000,2025-08-26,2020-2024,2025-08-30T10:39:23.585403
110833916,CID_50000000_116000000,,2020-2024,2025-08-30T10:39:26.365749
102671247,CID_50000000_116000000,,2020-2024,2025-08-30T10:39:32.094583
114055233,CID_50000000_116000000,,2020-2024,2025-08-30T10:39:35.232512
53957609,CID_50000000_116000000,2025-08-26,2020-2024,2025-08-30T10:39:38.716620
84590957,CID_50000000_116000000,2025-08-26,2020-2024,2025-08-30T10:39:43.296749
68461355,CID_50000000_116000000,2025-08-26,2020-2024,2025-08-30T10:39:46.316831
68830467,CID_50000000_116000000,2025-08-26,2020-2024,2025-08-30T10:39:49.100250
56755751,CID_50000000_116000000,,2020-2024,2025-08-30T10:39:51.970382
57361740,CID_50000000_116000000,2025-08-26,2020-2024,2025-08-30T10:39:54.337945
62957192,CID_50000000_116000000,,2020-2024,2025-08-30T10:39:57.251588
76222320,CID_50000000_116000000,,2020-2024,2025-08-30T10:40:00.187607
98033877,CID_50000000_116000000,,2020-2024,2025-08-30T10:40:03.157505
89683672,CID_50000000_116000000,2025-08-26,2020-2024,2025-08-30T10:40:05.657022
70722984,CID_50000000_116000000,2025-08-26,2020-2024,2025-08-30T10:40:08.087367
113638223,CID_50000000_116000000,,2020-2024,2025-08-30T10:40:11.091544
61039279,CID_50000000_116000000,,2020-2024,2025-08-30T10:40:13.992932
56009945,CID_50000000_116000000,,2020-2024,2025-08-30T10:40:16.940646
104599735,CID_50000000_116000000,,2020-2024,2025-08-30T10:40:20.124863
73936097,CID_50000000_116000000,2025-08-26,2020-2024,2025-08-30T10:40:22.878957
114280475,CID_50000000_116000000,,2020-2024,2025-08-30T10:40:25.813233
110146347,CID_50000000_116000000,,2020-2024,2025-08-30T10:40:28.990031
73927003,CID_50000000_116000000,2025-08-26,2020-2024,2025-08-30T10:40:32.349512
55958677,CID_50000000_116000000,2025-08-26,2020-2024,2025-08-30T10:40:34.974779
79889320,CID_50000000_116000000,,2020-2024,2025-08-30T10:40:38.108424
105756283,CID_50000000_116000000,,2020-2024,2025-08-30T10:40:41.166279
90208522,CID_50000000_116000000,2025-08-26,2020-2024,2025-08-30T10:40:43.785893
102821749,CID_50000000_116000000,2025-08-26,2020-2024,2025-08-30T10:40:47.290642
58319621,CID_50000000_116000000,2025-08-26,2020-2024,2025-08-30T10:40:51.660169
84142226,CID_50000000_116000000,,2020-2024,2025-08-30T10:40:54.807120
81439799,CID_50000000_116000000,,2020-2024,2025-08-30T10:40:57.764063
82469592,CID_50000000_116000000,,2020-2024,2025-08-30T10:41:00.753244
107122988,CID_50000000_116000000,2025-08-26,2020-2024,2025-08-30T10:41:02.599572
102803680,CID_50000000_116000000,,2020-2024,2025-08-30T10:41:05.439065
64066062,CID_50000000_116000000,,2020-2024,2025-08-30T10:41:08.222411
111760082,CID_50000000_116000000,2025-08-26,2020-2024,2025-08-30T10:41:09.694304
86212933,CID_50000000_116000000,,2020-2024,2025-08-30T10:41:12.617239
77441316,CID_50000000_116000000,2025-08-26,2020-2024,2025-08-30T10:41:15.414191
111706945,CID_50000000_116000000,,2020-2024,2025-08-30T10:41:18.517041
104525057,CID_50000000_116000000,,2020-2024,2025-08-30T10:41:21.480898
71556171,CID_50000000_116000000,2025-08-26,2020-2024,2025-08-30T10:41:24.162607
55615111,CID_50000000_116000000,,2020-2024,2025-08-30T10:41:27.287188
66197147,CID_50000000_116000000,,2020-2024,2025-08-30T10:41:30.295910
113594309,CID_50000000_116000000,,2020-2024,2025-08-30T10:41:33.313710
64584615,CID_50000000_116000000,,2020-2024,2025-08-30T10:41:36.185462
75597831,CID_50000000_116000000,2025-08-26,2020-2024,2025-08-30T10:41:38.302491
90449866,CID_50000000_116000000,2025-08-26,2020-2024,2025-08-30T10:41:41.045205
110862686,CID_50000000_116000000,2025-08-26,2020-2024,2025-08-30T10:41:42.783025
66473061,CID_50000000_116000000,,2020-2024,2025-08-30T10:41:45.575432
63792250,CID_50000000_116000000,,2020-2024,2025-08-30T10:41:48.612046
63627299,CID_50000000_116000000,,2020-2024,2025-08-30T10:41:51.444493
70952317,CID_50000000_116000000,2025-08-26,2020-2024,2025-08-30T10:41:53.617480
57515425,CID_50000000_116000000,2025-08-26,2020-2024,2025-08-30T10:41:56.530010
69288206,CID_50000000_116000000,2025-08-26,2020-2024,2025-08-30T10:41:59.245144
63985788,CID_50000000_116000000,,2020-2024,2025-08-30T10:42:02.260537
108651368,CID_50000000_116000000,,2020-2024,2025-08-30T10:42:05.172058
52185373,CID_50000000_116000000,,2020-2024,2025-08-30T10:42:08.743690
59162736,CID_50000000_116000000,2025-08-26,2020-2024,2025-08-30T10:42:12.019841
103536716,CID_50000000_116000000,,2020-2024,2025-08-30T10:42:14.973059
115946148,CID_50000000_116000000,,2020-2024,2025-08-30T10:42:17.907601
107257687,CID_50000000_116000000,,2020-2024,2025-08-30T10:42:21.581569
97096902,CID_50000000_116000000,,2020-2024,2025-08-30T10:42:24.497646
103300948,CID_50000000_116000000,2025-08-26,2020-2024,2025-08-30T10:42:26.120588
101631181,CID_50000000_116000000,2025-08-26,2020-2024,2025-08-30T10:42:28.985601
70210466,CID_50000000_116000000,2025-08-26,2020-2024,2025-08-30T10:42:31.128662
115392579,CID_50000000_116000000,,2020-2024,2025-08-30T10:42:34.268776
103921527,CID_50000000_116000000,,2020-2024,2025-08-30T10:42:37.277575
113034700,CID_50000000_116000000,,2020-2024,2025-08-30T10:42:40.295419
92987658,CID_50000000_116000000,,2020-2024,2025-08-30T10:42:43.127324
56718765,CID_50000000_116000000,,2020-2024,2025-08-30T10:42:46.218195
64705566,CID_50000000_116000000,,2020-2024,2025-08-30T10:42:50.523542
